,peptide,length,HLA,label,HLA_sequence
0,LFGRDLSY,8,HLA-A*01:01,1,YFAMYQENMAHTDANTLYIIYRDYTWVARVYRGY
1,TDKKTHLY,8,HLA-A*01:01,1,YFAMYQENMAHTDANTLYIIYRDYTWVARVYRGY
2,RSDTPLIY,8,HLA-A*01:01,1,YFAMYQENMAHTDANTLYIIYRDYTWVARVYRGY
3,NSDLVQKY,8,HLA-A*01:01,1,YFAMYQENMAHTDANTLYIIYRDYTWVARVYRGY
4,LSDLLDWK,8,HLA-A*01:01,1,YFAMYQENMAHTDANTLYIIYRDYTWVARVYRGY
5,LLQNDGFF,8,HLA-A*01:01,1,YFAMYQENMAHTDANTLYIIYRDYTWVARVYRGY
6,DSDMQTLV,8,HLA-A*01:01,1,YFAMYQENMAHTDANTLYIIYRDYTWVARVYRGY
7,TDYHVRVY,8,HLA-A*01:01,1,YFAMYQENMAHTDANTLYIIYRDYTWVARVYRGY
8,VLDSEGYL,8,HLA-A*01:01,1,YFAMYQENMAHTDANTLYIIYRDYTWVARVYRGY
9,SDFHNNRY,8,HLA-A*01:01,1,YFAMYQENMAHTDANTLYIIYRDYTWVARVYRGY
10,DKSMVDKY,8,HLA-A*01:01,1,YFAMYQENMAHTDANTLYIIYRDYTWVARVYRGY
11,YTDYLTVM,8,HLA-A*01:01,1,YFAMYQENMAHTDANTLYIIYRDYTWVARVYRGY
12,DFAERHGY,8,HLA-A*01:01,1,YFAMYQENMAHTDANTLYIIYRDYTWVARVYRGY
13,VLDIPSKY,8,HLA-A*01:01,1,YFAMYQENMAHTDANTLYIIYRDYTWVARVYRGY
14,TDLTREVY,8,HLA-A*01:01,1,YFAMYQENMAHTDANTLYIIYRDYTWVARVYRGY
15,YTDPEVFK,8,HLA-A*01:01,1,YFAMYQENMAHTDANTLYIIYRDYTWVARVYRGY
16,SDIHDFEY,8,HLA-A*01:01,1,YFAMYQENMAHTDANTLYIIYRDYTWVARVYRGY
17,RDWAHNSL,8,HLA-A*01:01,1,YFAMYQENMAHTDANTLYIIYRDYTWVARVYRGY
18,FTSMTRLY,8,HLA-A*01:01,1,YFAMYQENMAHTDANTLYIIYRDYTWVARVYRGY
19,SDSKIQKY,8,HLA-A*01:01,1,YFAMYQENMAHTDANTLYIIYRDYTWVARVYRGY
20,LTDTFTAY,8,HLA-A*01:01,1,YFAMYQENMAHTDANTLYIIYRDYTWVARVYRGY
21,FPGNYSGY,8,HLA-A*01:01,1,YFAMYQENMAHTDANTLYIIYRDYTWVARVYRGY
22,FSDVMEDL,8,HLA-A*01:01,1,YFAMYQENMAHTDANTLYIIYRDYTWVARVYRGY
23,FLESTFLK,8,HLA-A*01:01,1,YFAMYQENMAHTDANTLYIIYRDYTWVARVYRGY
24,YIDEQFER,8,HLA-A*01:01,1,YFAMYQENMAHTDANTLYIIYRDYTWVARVYRGY
25,TDLTRDIY,8,HLA-A*01:01,1,YFAMYQENMAHTDANTLYIIYRDYTWVARVYRGY
26,DPNSTQRY,8,HLA-A*01:01,1,YFAMYQENMAHTDANTLYIIYRDYTWVARVYRGY
27,TPDIKSHY,8,HLA-A*01:01,1,YFAMYQENMAHTDANTLYIIYRDYTWVARVYRGY
28,PEVQKKKY,8,HLA-A*01:01,1,YFAMYQENMAHTDANTLYIIYRDYTWVARVYRGY
29,LVDLPEYY,8,HLA-A*01:01,1,YFAMYQENMAHTDANTLYIIYRDYTWVARVYRGY
30,LTELPDWS,8,HLA-A*01:01,1,YFAMYQENMAHTDANTLYIIYRDYTWVARVYRGY
31,LLDSSLEY,8,HLA-A*01:01,1,YFAMYQENMAHTDANTLYIIYRDYTWVARVYRGY
32,VTDTGALY,8,HLA-A*01:01,1,YFAMYQENMAHTDANTLYIIYRDYTWVARVYRGY
33,IVDHIHFQ,8,HLA-A*01:01,1,YFAMYQENMAHTDANTLYIIYRDYTWVARVYRGY
34,ELHNQKGY,8,HLA-A*01:01,1,YFAMYQENMAHTDANTLYIIYRDYTWVARVYRGY
35,FTEIGIHL,8,HLA-A*01:01,1,YFAMYQENMAHTDANTLYIIYRDYTWVARVYRGY
36,LVDEWLDS,8,HLA-A*01:01,1,YFAMYQENMAHTDANTLYIIYRDYTWVARVYRGY
37,FTDKAASY,8,HLA-A*01:01,1,YFAMYQENMAHTDANTLYIIYRDYTWVARVYRGY
38,YLDQISRY,8,HLA-A*01:01,1,YFAMYQENMAHTDANTLYIIYRDYTWVARVYRGY
39,VEKKIDKY,8,HLA-A*01:01,1,YFAMYQENMAHTDANTLYIIYRDYTWVARVYRGY
40,LVDYQMYD,8,HLA-A*01:01,1,YFAMYQENMAHTDANTLYIIYRDYTWVARVYRGY
41,FMDHVLRY,8,HLA-A*01:01,1,YFAMYQENMAHTDANTLYIIYRDYTWVARVYRGY
42,TDRDIDRY,8,HLA-A*01:01,1,YFAMYQENMAHTDANTLYIIYRDYTWVARVYRGY
43,TDPEVFKY,8,HLA-A*01:01,1,YFAMYQENMAHTDANTLYIIYRDYTWVARVYRGY
44,YTDATSKY,8,HLA-A*01:01,1,YFAMYQENMAHTDANTLYIIYRDYTWVARVYRGY
45,STDENFRY,8,HLA-A*01:01,1,YFAMYQENMAHTDANTLYIIYRDYTWVARVYRGY
46,FVDKPVAY,8,HLA-A*01:01,1,YFAMYQENMAHTDANTLYIIYRDYTWVARVYRGY
47,MIDVTKSY,8,HLA-A*01:01,1,YFAMYQENMAHTDANTLYIIYRDYTWVARVYRGY
48,LDRLYEHY,8,HLA-A*01:01,1,YFAMYQENMAHTDANTLYIIYRDYTWVARVYRGY
49,TDGHVHLY,8,HLA-A*01:01,1,YFAMYQENMAHTDANTLYIIYRDYTWVARVYRGY
50,TFTGTLQY,8,HLA-A*01:01,1,YFAMYQENMAHTDANTLYIIYRDYTWVARVYRGY
51,FTEQYNEQ,8,HLA-A*01:01,1,YFAMYQENMAHTDANTLYIIYRDYTWVARVYRGY
52,MTDPEMVE,8,HLA-A*01:01,1,YFAMYQENMAHTDANTLYIIYRDYTWVARVYRGY
53,SAKTILKY,8,HLA-A*01:01,1,YFAMYQENMAHTDANTLYIIYRDYTWVARVYRGY
54,LTEILDRY,8,HLA-A*01:01,1,YFAMYQENMAHTDANTLYIIYRDYTWVARVYRGY
55,KTDHFIFT,8,HLA-A*01:01,1,YFAMYQENMAHTDANTLYIIYRDYTWVARVYRGY
56,GLDQPLLK,8,HLA-A*01:01,1,YFAMYQENMAHTDANTLYIIYRDYTWVARVYRGY
57,YSEEIVEM,8,HLA-A*01:01,1,YFAMYQENMAHTDANTLYIIYRDYTWVARVYRGY
58,VVDDWIES,8,HLA-A*01:01,1,YFAMYQENMAHTDANTLYIIYRDYTWVARVYRGY
59,LSDEAIKY,8,HLA-A*01:01,1,YFAMYQENMAHTDANTLYIIYRDYTWVARVYRGY
60,YQDLLQLQ,8,HLA-A*01:01,1,YFAMYQENMAHTDANTLYIIYRDYTWVARVYRGY
61,ESDDPMAY,8,HLA-A*01:01,1,YFAMYQENMAHTDANTLYIIYRDYTWVARVYRGY
62,FSDYLHPQ,8,HLA-A*01:01,1,YFAMYQENMAHTDANTLYIIYRDYTWVARVYRGY
63,VVDKIDYY,8,HLA-A*01:01,1,YFAMYQENMAHTDANTLYIIYRDYTWVARVYRGY
64,LTWILNRY,8,HLA-A*01:01,1,YFAMYQENMAHTDANTLYIIYRDYTWVARVYRGY
65,DSRHLDHY,8,HLA-A*01:01,1,YFAMYQENMAHTDANTLYIIYRDYTWVARVYRGY
66,YTDYGGLI,8,HLA-A*01:01,1,YFAMYQENMAHTDANTLYIIYRDYTWVARVYRGY
67,SSILTGKY,8,HLA-A*01:01,0,YFAMYQENMAHTDANTLYIIYRDYTWVARVYRGY
68,IIVLIFWD,8,HLA-A*01:01,0,YFAMYQENMAHTDANTLYIIYRDYTWVARVYRGY
69,GRSAEVTL,8,HLA-A*01:01,0,YFAMYQENMAHTDANTLYIIYRDYTWVARVYRGY
70,GRLEVTWG,8,HLA-A*01:01,0,YFAMYQENMAHTDANTLYIIYRDYTWVARVYRGY
71,SKKTVRMP,8,HLA-A*01:01,0,YFAMYQENMAHTDANTLYIIYRDYTWVARVYRGY
72,KLPTPLLT,8,HLA-A*01:01,0,YFAMYQENMAHTDANTLYIIYRDYTWVARVYRGY
73,NACEEALI,8,HLA-A*01:01,0,YFAMYQENMAHTDANTLYIIYRDYTWVARVYRGY
74,ELTIGVNY,8,HLA-A*01:01,0,YFAMYQENMAHTDANTLYIIYRDYTWVARVYRGY
75,ASLGLWRT,8,HLA-A*01:01,0,YFAMYQENMAHTDANTLYIIYRDYTWVARVYRGY
76,SLGGKEEK,8,HLA-A*01:01,0,YFAMYQENMAHTDANTLYIIYRDYTWVARVYRGY
77,RQGRVISV,8,HLA-A*01:01,0,YFAMYQENMAHTDANTLYIIYRDYTWVARVYRGY
78,DLSKIRGR,8,HLA-A*01:01,0,YFAMYQENMAHTDANTLYIIYRDYTWVARVYRGY
79,TEVIPMLN,8,HLA-A*01:01,0,YFAMYQENMAHTDANTLYIIYRDYTWVARVYRGY
80,SRCVLEPR,8,HLA-A*01:01,0,YFAMYQENMAHTDANTLYIIYRDYTWVARVYRGY
81,EVLSEMTG,8,HLA-A*01:01,0,YFAMYQENMAHTDANTLYIIYRDYTWVARVYRGY
82,NGCYSRLK,8,HLA-A*01:01,0,YFAMYQENMAHTDANTLYIIYRDYTWVARVYRGY
83,ELIGTRRI,8,HLA-A*01:01,0,YFAMYQENMAHTDANTLYIIYRDYTWVARVYRGY
84,ESLRTELQ,8,HLA-A*01:01,0,YFAMYQENMAHTDANTLYIIYRDYTWVARVYRGY
85,TRPGPNRH,8,HLA-A*01:01,0,YFAMYQENMAHTDANTLYIIYRDYTWVARVYRGY
86,RVCPCAPR,8,HLA-A*01:01,0,YFAMYQENMAHTDANTLYIIYRDYTWVARVYRGY
87,DSRWTVGS,8,HLA-A*01:01,0,YFAMYQENMAHTDANTLYIIYRDYTWVARVYRGY
88,ARGEGRWP,8,HLA-A*01:01,0,YFAMYQENMAHTDANTLYIIYRDYTWVARVYRGY
89,VWMAYMNI,8,HLA-A*01:01,0,YFAMYQENMAHTDANTLYIIYRDYTWVARVYRGY
90,DSDNYRVF,8,HLA-A*01:01,0,YFAMYQENMAHTDANTLYIIYRDYTWVARVYRGY
91,LKDWSKQR,8,HLA-A*01:01,0,YFAMYQENMAHTDANTLYIIYRDYTWVARVYRGY
92,EHVENAGT,8,HLA-A*01:01,0,YFAMYQENMAHTDANTLYIIYRDYTWVARVYRGY
93,WADRHPGG,8,HLA-A*01:01,0,YFAMYQENMAHTDANTLYIIYRDYTWVARVYRGY
94,ILLVALQA,8,HLA-A*01:01,0,YFAMYQENMAHTDANTLYIIYRDYTWVARVYRGY
95,GDYVDRGY,8,HLA-A*01:01,0,YFAMYQENMAHTDANTLYIIYRDYTWVARVYRGY
96,DQVAMRLS,8,HLA-A*01:01,0,YFAMYQENMAHTDANTLYIIYRDYTWVARVYRGY
97,LPMALVAP,8,HLA-A*01:01,0,YFAMYQENMAHTDANTLYIIYRDYTWVARVYRGY
98,KLKRQEEE,8,HLA-A*01:01,0,YFAMYQENMAHTDANTLYIIYRDYTWVARVYRGY
99,QQSPVKKE,8,HLA-A*01:01,0,YFAMYQENMAHTDANTLYIIYRDYTWVARVYRGY
100,LAFRKNRL,8,HLA-A*01:01,0,YFAMYQENMAHTDANTLYIIYRDYTWVARVYRGY
101,PGGPQAQI,8,HLA-A*01:01,0,YFAMYQENMAHTDANTLYIIYRDYTWVARVYRGY
102,VDNLYAEP,8,HLA-A*01:01,0,YFAMYQENMAHTDANTLYIIYRDYTWVARVYRGY
103,AAARCKAA,8,HLA-A*01:01,0,YFAMYQENMAHTDANTLYIIYRDYTWVARVYRGY
104,KFTLDCTH,8,HLA-A*01:01,0,YFAMYQENMAHTDANTLYIIYRDYTWVARVYRGY
105,VLFVAGLA,8,HLA-A*01:01,0,YFAMYQENMAHTDANTLYIIYRDYTWVARVYRGY
106,PPRATNRG,8,HLA-A*01:01,0,YFAMYQENMAHTDANTLYIIYRDYTWVARVYRGY
107,RVYNIPVR,8,HLA-A*01:01,0,YFAMYQENMAHTDANTLYIIYRDYTWVARVYRGY
108,ASVRTQWT,8,HLA-A*01:01,0,YFAMYQENMAHTDANTLYIIYRDYTWVARVYRGY
109,DWPDARGI,8,HLA-A*01:01,0,YFAMYQENMAHTDANTLYIIYRDYTWVARVYRGY
110,NEENDVDK,8,HLA-A*01:01,0,YFAMYQENMAHTDANTLYIIYRDYTWVARVYRGY
111,VSFDNPAS,8,HLA-A*01:01,0,YFAMYQENMAHTDANTLYIIYRDYTWVARVYRGY
112,EDEENGLV,8,HLA-A*01:01,0,YFAMYQENMAHTDANTLYIIYRDYTWVARVYRGY
113,KSDLGVHL,8,HLA-A*01:01,0,YFAMYQENMAHTDANTLYIIYRDYTWVARVYRGY
114,GYVTNSKV,8,HLA-A*01:01,0,YFAMYQENMAHTDANTLYIIYRDYTWVARVYRGY
115,STTLSTLY,8,HLA-A*01:01,0,YFAMYQENMAHTDANTLYIIYRDYTWVARVYRGY
116,HRAGKIVV,8,HLA-A*01:01,0,YFAMYQENMAHTDANTLYIIYRDYTWVARVYRGY
117,SSYMVLAP,8,HLA-A*01:01,0,YFAMYQENMAHTDANTLYIIYRDYTWVARVYRGY
118,ASNLSGAA,8,HLA-A*01:01,0,YFAMYQENMAHTDANTLYIIYRDYTWVARVYRGY
119,ISNKRIVG,8,HLA-A*01:01,0,YFAMYQENMAHTDANTLYIIYRDYTWVARVYRGY
120,GQSNYDTK,8,HLA-A*01:01,0,YFAMYQENMAHTDANTLYIIYRDYTWVARVYRGY
121,LRKIGDKF,8,HLA-A*01:01,0,YFAMYQENMAHTDANTLYIIYRDYTWVARVYRGY
122,GDILNDSH,8,HLA-A*01:01,0,YFAMYQENMAHTDANTLYIIYRDYTWVARVYRGY
123,DTLSEESY,8,HLA-A*01:01,0,YFAMYQENMAHTDANTLYIIYRDYTWVARVYRGY
124,TCNISVGR,8,HLA-A*01:01,0,YFAMYQENMAHTDANTLYIIYRDYTWVARVYRGY
125,ERFRELLL,8,HLA-A*01:01,0,YFAMYQENMAHTDANTLYIIYRDYTWVARVYRGY
126,LWGLLKLR,8,HLA-A*01:01,0,YFAMYQENMAHTDANTLYIIYRDYTWVARVYRGY
127,QDRLRATC,8,HLA-A*01:01,0,YFAMYQENMAHTDANTLYIIYRDYTWVARVYRGY
128,NIEDMLEW,8,HLA-A*01:01,0,YFAMYQENMAHTDANTLYIIYRDYTWVARVYRGY
129,DLNAMNVY,8,HLA-A*01:01,0,YFAMYQENMAHTDANTLYIIYRDYTWVARVYRGY
130,YVLGVLED,8,HLA-A*01:01,0,YFAMYQENMAHTDANTLYIIYRDYTWVARVYRGY
131,ADMDTNGY,8,HLA-A*01:01,0,YFAMYQENMAHTDANTLYIIYRDYTWVARVYRGY
132,EAKSVKVK,8,HLA-A*01:01,0,YFAMYQENMAHTDANTLYIIYRDYTWVARVYRGY
133,NKGDILVV,8,HLA-A*01:01,0,YFAMYQENMAHTDANTLYIIYRDYTWVARVYRGY
134,STEVDGERY,9,HLA-A*01:01,1,YFAMYQENMAHTDANTLYIIYRDYTWVARVYRGY
135,QMDRAVMLY,9,HLA-A*01:01,1,YFAMYQENMAHTDANTLYIIYRDYTWVARVYRGY
136,LSNYETLKY,9,HLA-A*01:01,1,YFAMYQENMAHTDANTLYIIYRDYTWVARVYRGY
137,ISNPTRHVY,9,HLA-A*01:01,1,YFAMYQENMAHTDANTLYIIYRDYTWVARVYRGY
138,LVDENQSWY,9,HLA-A*01:01,1,YFAMYQENMAHTDANTLYIIYRDYTWVARVYRGY
139,EAAPHDIGY,9,HLA-A*01:01,1,YFAMYQENMAHTDANTLYIIYRDYTWVARVYRGY
140,ISEELVQKY,9,HLA-A*01:01,1,YFAMYQENMAHTDANTLYIIYRDYTWVARVYRGY
141,CSNDKSLVY,9,HLA-A*01:01,1,YFAMYQENMAHTDANTLYIIYRDYTWVARVYRGY
142,ETERQRLQY,9,HLA-A*01:01,1,YFAMYQENMAHTDANTLYIIYRDYTWVARVYRGY
143,RTASQSLLV,9,HLA-A*01:01,1,YFAMYQENMAHTDANTLYIIYRDYTWVARVYRGY
144,YMDTAIQTY,9,HLA-A*01:01,1,YFAMYQENMAHTDANTLYIIYRDYTWVARVYRGY
145,RSDHLTKHY,9,HLA-A*01:01,1,YFAMYQENMAHTDANTLYIIYRDYTWVARVYRGY
146,NTERTVWQY,9,HLA-A*01:01,1,YFAMYQENMAHTDANTLYIIYRDYTWVARVYRGY
147,LLDLDEELR,9,HLA-A*01:01,1,YFAMYQENMAHTDANTLYIIYRDYTWVARVYRGY
148,VTDKIHKAY,9,HLA-A*01:01,1,YFAMYQENMAHTDANTLYIIYRDYTWVARVYRGY
149,VTIESVADY,9,HLA-A*01:01,1,YFAMYQENMAHTDANTLYIIYRDYTWVARVYRGY
150,VLDELSVTY,9,HLA-A*01:01,1,YFAMYQENMAHTDANTLYIIYRDYTWVARVYRGY
151,CVDGTFHKY,9,HLA-A*01:01,1,YFAMYQENMAHTDANTLYIIYRDYTWVARVYRGY
152,KSDSEVAGY,9,HLA-A*01:01,1,YFAMYQENMAHTDANTLYIIYRDYTWVARVYRGY
153,KMEDLIQVY,9,HLA-A*01:01,1,YFAMYQENMAHTDANTLYIIYRDYTWVARVYRGY
154,FQNKIHVSY,9,HLA-A*01:01,1,YFAMYQENMAHTDANTLYIIYRDYTWVARVYRGY
155,YIFHGAEVY,9,HLA-A*01:01,1,YFAMYQENMAHTDANTLYIIYRDYTWVARVYRGY
156,QTHGILEYY,9,HLA-A*01:01,1,YFAMYQENMAHTDANTLYIIYRDYTWVARVYRGY
157,RLDINTNTY,9,HLA-A*01:01,1,YFAMYQENMAHTDANTLYIIYRDYTWVARVYRGY
158,ATEFIMNEY,9,HLA-A*01:01,1,YFAMYQENMAHTDANTLYIIYRDYTWVARVYRGY
159,GTMYPMSVY,9,HLA-A*01:01,1,YFAMYQENMAHTDANTLYIIYRDYTWVARVYRGY
160,NSDGSSTSY,9,HLA-A*01:01,1,YFAMYQENMAHTDANTLYIIYRDYTWVARVYRGY
161,FSDLYNEVY,9,HLA-A*01:01,1,YFAMYQENMAHTDANTLYIIYRDYTWVARVYRGY
162,LVSSGNTLY,9,HLA-A*01:01,1,YFAMYQENMAHTDANTLYIIYRDYTWVARVYRGY
163,CLLSHTLAY,9,HLA-A*01:01,1,YFAMYQENMAHTDANTLYIIYRDYTWVARVYRGY
164,IMDSSQNAY,9,HLA-A*01:01,1,YFAMYQENMAHTDANTLYIIYRDYTWVARVYRGY
165,QIDRQLTAY,9,HLA-A*01:01,1,YFAMYQENMAHTDANTLYIIYRDYTWVARVYRGY
166,WTNMNALHY,9,HLA-A*01:01,1,YFAMYQENMAHTDANTLYIIYRDYTWVARVYRGY
167,ETGGDSWKY,9,HLA-A*01:01,1,YFAMYQENMAHTDANTLYIIYRDYTWVARVYRGY
168,NSDTVDWSW,9,HLA-A*01:01,1,YFAMYQENMAHTDANTLYIIYRDYTWVARVYRGY
169,VSDMVMYGY,9,HLA-A*01:01,1,YFAMYQENMAHTDANTLYIIYRDYTWVARVYRGY
170,YSAPQHDYY,9,HLA-A*01:01,1,YFAMYQENMAHTDANTLYIIYRDYTWVARVYRGY
171,YVSVVSSHY,9,HLA-A*01:01,1,YFAMYQENMAHTDANTLYIIYRDYTWVARVYRGY
172,VTDNNRSFY,9,HLA-A*01:01,1,YFAMYQENMAHTDANTLYIIYRDYTWVARVYRGY
173,KCDICTDEY,9,HLA-A*01:01,1,YFAMYQENMAHTDANTLYIIYRDYTWVARVYRGY
174,HVDQDLTTY,9,HLA-A*01:01,1,YFAMYQENMAHTDANTLYIIYRDYTWVARVYRGY
175,ECDRDQMYY,9,HLA-A*01:01,1,YFAMYQENMAHTDANTLYIIYRDYTWVARVYRGY
176,RLDTPLYFS,9,HLA-A*01:01,1,YFAMYQENMAHTDANTLYIIYRDYTWVARVYRGY
177,TVIKLAILY,9,HLA-A*01:01,1,YFAMYQENMAHTDANTLYIIYRDYTWVARVYRGY
178,FLDQWWTEY,9,HLA-A*01:01,1,YFAMYQENMAHTDANTLYIIYRDYTWVARVYRGY
179,LLDPAQKIL,9,HLA-A*01:01,1,YFAMYQENMAHTDANTLYIIYRDYTWVARVYRGY
180,RSHEGETSY,9,HLA-A*01:01,1,YFAMYQENMAHTDANTLYIIYRDYTWVARVYRGY
181,TSIPFLHEY,9,HLA-A*01:01,1,YFAMYQENMAHTDANTLYIIYRDYTWVARVYRGY
182,LTEGPHLYY,9,HLA-A*01:01,1,YFAMYQENMAHTDANTLYIIYRDYTWVARVYRGY
183,LTMDREMLY,9,HLA-A*01:01,1,YFAMYQENMAHTDANTLYIIYRDYTWVARVYRGY
184,GTVLVQVKY,9,HLA-A*01:01,1,YFAMYQENMAHTDANTLYIIYRDYTWVARVYRGY
185,YTKAWEEYY,9,HLA-A*01:01,1,YFAMYQENMAHTDANTLYIIYRDYTWVARVYRGY
186,TTDLYCYEQ,9,HLA-A*01:01,1,YFAMYQENMAHTDANTLYIIYRDYTWVARVYRGY
187,FLNSVGDLL,9,HLA-A*01:01,1,YFAMYQENMAHTDANTLYIIYRDYTWVARVYRGY
188,FTEEELKEY,9,HLA-A*01:01,1,YFAMYQENMAHTDANTLYIIYRDYTWVARVYRGY
189,MTERQDLVY,9,HLA-A*01:01,1,YFAMYQENMAHTDANTLYIIYRDYTWVARVYRGY
190,QSDPKTSLY,9,HLA-A*01:01,1,YFAMYQENMAHTDANTLYIIYRDYTWVARVYRGY
191,VTMMKYCSY,9,HLA-A*01:01,1,YFAMYQENMAHTDANTLYIIYRDYTWVARVYRGY
192,MVDFAMDVY,9,HLA-A*01:01,1,YFAMYQENMAHTDANTLYIIYRDYTWVARVYRGY
193,QLENTFLDY,9,HLA-A*01:01,1,YFAMYQENMAHTDANTLYIIYRDYTWVARVYRGY
194,YYDTHTNTY,9,HLA-A*01:01,1,YFAMYQENMAHTDANTLYIIYRDYTWVARVYRGY
195,RVKTVTFEY,9,HLA-A*01:01,1,YFAMYQENMAHTDANTLYIIYRDYTWVARVYRGY
196,YLEPAIAKY,9,HLA-A*01:01,1,YFAMYQENMAHTDANTLYIIYRDYTWVARVYRGY
197,GQEPHSVVY,9,HLA-A*01:01,1,YFAMYQENMAHTDANTLYIIYRDYTWVARVYRGY
198,LADVCNWTY,9,HLA-A*01:01,1,YFAMYQENMAHTDANTLYIIYRDYTWVARVYRGY
199,VLFETSVGY,9,HLA-A*01:01,1,YFAMYQENMAHTDANTLYIIYRDYTWVARVYRGY