,peptide,length,HLA,label,HLA_sequence
0,FLTGTFVTA,9,HLA-A*24:02,0,YSAMYEEKVAHTDENIAYLMFHYYTWAVQAYTGY
1,HRKVMSQNF,9,HLA-B*27:05,1,YHTEYREICAKTDEDTLYLNYHDYTWAVLAYEWY
2,VMDKYILDN,9,HLA-B*44:03,0,YYTKYREISTNTYENTAYIRYDDYTWAVLAYLSY
3,MTFDGEVKT,9,HLA-B*15:01,0,YYAMYREISTNTYESNLYLRYDSYTWAEWAYLWY
4,CLLTPGVQG,9,HLA-A*03:01,0,YFAMYQENVAQTDVDTLYIIYRDYTWAELAYTWY
5,CKPHFQQLF,9,HLA-C*06:02,1,YDSGYREKYRQADVNKLYLWYDSYTWAEWAYTWY
6,YNIMVPFGP,9,HLA-A*02:05,0,YYAMYGEKVAHTHVDTLYLRYHYYTWAVWAYTWY
7,MEGDDDIEV,9,HLA-C*08:02,0,YYAGYREKYRQTDVSNLYLRYNFYTWAERAYTWY
8,ILSEKRKDTI,10,HLA-A*02:03,1,YFAMYGEKVAHTHVDTLYVRYHYYTWAEWAYTWY
9,VEKKSSARS,9,HLA-C*03:04,0,YYAGYREKYRQTDVSNLYIRYDYYTWAELAYLWY
10,YPAVLPEIT,9,HLA-B*27:05,0,YHTEYREICAKTDEDTLYLNYHDYTWAVLAYEWY
11,YLHSLNIVY,9,HLA-A*32:01,1,YFAMYQENVAHTDESIAYIMYQDYTWAVLAYTWY
12,LEEKLCALQ,9,HLA-A*24:02,0,YSAMYEEKVAHTDENIAYLMFHYYTWAVQAYTGY
13,VQAAGGSA,8,HLA-C*05:01,0,YYAGYREKYRQTDVNKLYLRYNFYTWAERAYTWY
14,PNPDDPEDFPAL,12,HLA-B*27:09,0,YHTEYREICAKTDEDTLYLNYHHYTWAVLAYEWY
15,AEHKAENLL,9,HLA-B*40:01,1,YHTKYREISTNTYESNLYLRYNYYSLAVLAYEWY
16,TKYSLIPDEE,10,HLA-B*13:02,0,YYTMYREISTNTYENTAYWTYNLYTWAVLAYEWY
17,VLALRTRTA,9,HLA-A*02:17,0,YFAMYGEKVAHTHVDTLYLMFHYYTWAVLAYTWY
18,GIRFCQECNNML,12,HLA-A*02:01,0,YFAMYGEKVAHTHVDTLYVRYHYYTWAVLAYTWY
19,LARRPPATR,9,HLA-B*35:08,0,YYATYRNIFTNTYESNLYIRYDSYTWAVRAYLWY
20,SLSHSACPT,9,HLA-B*27:05,0,YHTEYREICAKTDEDTLYLNYHDYTWAVLAYEWY
21,EQRFTCYME,9,HLA-B*38:01,0,YYSEYRNICTNTYENIAYLRYNFYTWAVLTYTWY
22,NNDNLLREGAA,11,HLA-B*44:03,0,YYTKYREISTNTYENTAYIRYDDYTWAVLAYLSY
23,ITLTNVVNI,9,HLA-A*02:01,1,YFAMYGEKVAHTHVDTLYVRYHYYTWAVLAYTWY
24,SIARTLRTIV,10,HLA-B*57:01,0,YYAMYGENMASTYENIAYIVYDSYTWAVLAYLWY
25,MRSLLRTPF,9,HLA-B*27:02,1,YHTEYREICAKTDENIAYLNYHDYTWAVLAYEWY
26,SSTIWEIKL,9,HLA-A*26:02,0,YYAMYRNNVAHTDANTLYIRYQNYTWAEWAYRWY
27,QNGALAINT,9,HLA-B*15:01,1,YYAMYREISTNTYESNLYLRYDSYTWAEWAYLWY
28,EEIYAPKLQEF,11,HLA-B*44:03,1,YYTKYREISTNTYENTAYIRYDDYTWAVLAYLSY
29,IASDIVSRF,9,HLA-C*02:02,1,YYAGYREKYRQTDVNKLYLRYDSYTWAEWAYEWY
30,VEALIHAI,8,HLA-B*49:01,1,YHTKYREISTNTYENIAYWRYNLYTWAELAYLWY
31,HIYHGRNLDY,10,HLA-A*29:02,1,YTAMYLQNVAQTDANTLYIMYRDYTWAVLAYTWY
32,TYAYLFKYI,9,HLA-A*24:02,1,YSAMYEEKVAHTDENIAYLMFHYYTWAVQAYTGY
33,GMGGTYQQPA,10,HLA-B*58:01,0,YYATYGENMASTYENIAYIRYDSYTWAVLAYLWY
34,LPAVHHVF,8,HLA-B*35:01,1,YYATYRNIFTNTYESNLYIRYDSYTWAVLAYLWY
35,NLVLSVREV,9,HLA-B*56:01,0,YYAEYRNIYAQTDESNLYWTYNLYTWAVLAYLWY
36,LPLRTPLQR,9,HLA-A*02:12,0,YFAMYGEKVAHTHVDTLYVRYHYYTWAVQAYTWY
37,FLFDGSPTYV,10,HLA-A*68:02,1,YYAMYRNNVAQTDVDTLYIRYHYYTWAVWAYTWY
38,DHEMVFLLKG,10,HLA-C*07:01,0,YDSGYRENYRQADVSNLYLRYDSYTLAALAYTWY
39,DYLGKATVVA,10,HLA-A*11:01,0,YYAMYQENVAQTDVDTLYIIYRDYTWAAQAYRWY
40,TQVEQHHRR,9,HLA-A*11:01,1,YYAMYQENVAQTDVDTLYIIYRDYTWAAQAYRWY
41,PHMEDGKLV,9,HLA-B*15:01,0,YYAMYREISTNTYESNLYLRYDSYTWAEWAYLWY
42,IIEQPKQRG,9,HLA-B*07:02,0,YYSEYRNIYAQTDESNLYLSYDYYTWAERAYEWY
43,EEQPTTKQA,9,HLA-B*45:01,1,YHTKYREISTNTYESNLYWRYNLYTWAVDAYLSY
44,LNEAKQQLLQQ,11,HLA-A*68:02,0,YYAMYRNNVAQTDVDTLYIRYHYYTWAVWAYTWY
45,SLLVVVALVG,10,HLA-A*29:02,0,YTAMYLQNVAQTDANTLYIMYRDYTWAVLAYTWY
46,DGEICASHVS,10,HLA-A*24:02,0,YSAMYEEKVAHTDENIAYLMFHYYTWAVQAYTGY
47,KKKNTHSLFV,10,HLA-A*68:01,0,YYAMYRNNVAQTDVDTLYIMYRDYTWAVWAYTWY
48,VRTIEELAR,9,HLA-A*02:03,0,YFAMYGEKVAHTHVDTLYVRYHYYTWAEWAYTWY
49,VEYDEFTTL,9,HLA-B*40:02,1,YHTKYREISTNTYESNLYLSYNYYTWAVLAYEWY
50,LPEIKSIGD,9,HLA-A*29:02,0,YTAMYLQNVAQTDANTLYIMYRDYTWAVLAYTWY
51,VPPLVPKVL,9,HLA-B*51:01,1,YYATYRNIFTNTYENIAYWTYNYYTWAELAYLWH
52,SAGKTTLLY,9,HLA-A*01:01,1,YFAMYQENMAHTDANTLYIIYRDYTWVARVYRGY
53,SRDPNYLNL,9,HLA-B*39:01,1,YYSEYRNICTNTDESNLYLRYNFYTWAVLTYTWY
54,TCVYALTFETP,11,HLA-B*58:01,0,YYATYGENMASTYENIAYIRYDSYTWAVLAYLWY
55,VHPLRARAL,9,HLA-A*68:02,0,YYAMYRNNVAQTDVDTLYIRYHYYTWAVWAYTWY
56,TTSAVMVHCL,10,HLA-B*27:05,0,YHTEYREICAKTDEDTLYLNYHDYTWAVLAYEWY
57,QQPVIFLGA,9,HLA-A*24:02,0,YSAMYEEKVAHTDENIAYLMFHYYTWAVQAYTGY
58,KLKEMAEAY,9,HLA-A*32:01,1,YFAMYQENVAHTDESIAYIMYQDYTWAVLAYTWY
59,EISKLGISG,9,HLA-B*27:05,0,YHTEYREICAKTDEDTLYLNYHDYTWAVLAYEWY
60,ISRLKYPVS,9,HLA-C*06:02,0,YDSGYREKYRQADVNKLYLWYDSYTWAEWAYTWY
61,TGKDVNFEFPE,11,HLA-B*27:05,1,YHTEYREICAKTDEDTLYLNYHDYTWAVLAYEWY
62,SPALAAMEL,9,HLA-B*07:02,1,YYSEYRNIYAQTDESNLYLSYDYYTWAERAYEWY
63,DQNWYKAELR,10,HLA-A*03:01,0,YFAMYQENVAQTDVDTLYIIYRDYTWAELAYTWY
64,VFYDDTYNTLKY,12,HLA-A*29:02,1,YTAMYLQNVAQTDANTLYIMYRDYTWAVLAYTWY
65,PLRLQRRLK,9,HLA-A*02:01,0,YFAMYGEKVAHTHVDTLYVRYHYYTWAVLAYTWY
66,LIIDEVHEH,9,HLA-B*15:01,1,YYAMYREISTNTYESNLYLRYDSYTWAEWAYLWY
67,AFDLSQVLF,9,HLA-C*05:01,1,YYAGYREKYRQTDVNKLYLRYNFYTWAERAYTWY
68,LDIWAQEKE,9,HLA-A*68:02,0,YYAMYRNNVAQTDVDTLYIRYHYYTWAVWAYTWY
69,GTIVVRVQY,9,HLA-A*01:01,1,YFAMYQENMAHTDANTLYIIYRDYTWVARVYRGY
70,TLADEVSASLAKQ,13,HLA-B*27:05,1,YHTEYREICAKTDEDTLYLNYHDYTWAVLAYEWY
71,GQISEVVVV,9,HLA-A*02:06,1,YYAMYGEKVAHTHVDTLYVRYHYYTWAVLAYTWY
72,GEGEPHVDG,9,HLA-C*06:02,0,YDSGYREKYRQADVNKLYLWYDSYTWAEWAYTWY
73,FTNLMPGRNY,10,HLA-B*27:05,1,YHTEYREICAKTDEDTLYLNYHDYTWAVLAYEWY
74,YAYDGKDYI,9,HLA-A*02:01,1,YFAMYGEKVAHTHVDTLYVRYHYYTWAVLAYTWY
75,EETDRFVVF,9,HLA-B*44:02,1,YYTKYREISTNTYENTAYIRYDDYTWAVDAYLSY
76,LLLLSVGVGI,10,HLA-A*02:03,1,YFAMYGEKVAHTHVDTLYVRYHYYTWAEWAYTWY
77,GPPGPVGTPL,10,HLA-B*07:02,1,YYSEYRNIYAQTDESNLYLSYDYYTWAERAYEWY
78,ARLGYKDVVLY,11,HLA-B*27:05,1,YHTEYREICAKTDEDTLYLNYHDYTWAVLAYEWY
79,EGSCGSEKD,9,HLA-A*03:01,0,YFAMYQENVAQTDVDTLYIIYRDYTWAELAYTWY
80,TEFGGSIYQKV,11,HLA-B*49:01,1,YHTKYREISTNTYENIAYWRYNLYTWAELAYLWY
81,VAEPMHGSL,9,HLA-C*08:02,1,YYAGYREKYRQTDVSNLYLRYNFYTWAERAYTWY
82,VTAPDNLGY,9,HLA-A*01:01,1,YFAMYQENMAHTDANTLYIIYRDYTWVARVYRGY
83,RAYQQSEAY,9,HLA-C*03:04,1,YYAGYREKYRQTDVSNLYIRYDYYTWAELAYLWY
84,TDGKVFQF,8,HLA-B*40:02,1,YHTKYREISTNTYESNLYLSYNYYTWAVLAYEWY
85,KAYNRVIYV,9,HLA-C*16:01,1,YYAGYREKYRQTDVSNLYLWYDSYTWAAQAYTWY
86,QHKKLRTPL,9,HLA-B*27:04,0,YHTEYREICAKTDESTLYLNYHDYTWAELAYEWY
87,SVADIRNAY,9,HLA-A*32:01,1,YFAMYQENVAHTDESIAYIMYQDYTWAVLAYTWY
88,MEALHYML,8,HLA-B*44:02,1,YYTKYREISTNTYENTAYIRYDDYTWAVDAYLSY
89,VPMTSRLGL,9,HLA-B*14:02,1,YYSEYRNICTNTDESNLYLWYNFYTWAELAYTWH
90,KLKNVIHKI,9,HLA-A*02:05,1,YYAMYGEKVAHTHVDTLYLRYHYYTWAVWAYTWY
91,PTGPKNMQ,8,HLA-C*02:02,0,YYAGYREKYRQTDVNKLYLRYDSYTWAEWAYEWY
92,ILPYFYIIY,9,HLA-B*15:01,1,YYAMYREISTNTYESNLYLRYDSYTWAEWAYLWY
93,VGGFAKWPDS,10,HLA-B*27:05,0,YHTEYREICAKTDEDTLYLNYHDYTWAVLAYEWY
94,AMFGKLMTI,9,HLA-B*08:01,1,YDSEYRNIFTNTDESNLYLSYNYYTWAVDAYTWY
95,ISAEGSGLS,9,HLA-A*03:01,0,YFAMYQENVAQTDVDTLYIIYRDYTWAELAYTWY
96,INYYNFVRA,9,HLA-A*24:02,0,YSAMYEEKVAHTDENIAYLMFHYYTWAVQAYTGY
97,SVNDLYIQK,9,HLA-A*11:01,1,YYAMYQENVAQTDVDTLYIIYRDYTWAAQAYRWY
98,RENRRLQE,8,HLA-C*12:03,0,YYAGYREKYRQADVSNLYLWYDSYTWAEWAYTWY
99,PNDYIGDIHQ,10,HLA-B*57:01,0,YYAMYGENMASTYENIAYIVYDSYTWAVLAYLWY
100,QCHAVLADS,9,HLA-A*24:02,0,YSAMYEEKVAHTDENIAYLMFHYYTWAVQAYTGY
101,RRDPREQAPK,10,HLA-B*27:05,1,YHTEYREICAKTDEDTLYLNYHDYTWAVLAYEWY
102,IVTRIVELL,9,HLA-A*02:02,1,YFAMYGEKVAHTHVDTLYLRYHYYTWAVWAYTWY
103,LPPPLMLL,8,HLA-B*51:01,1,YYATYRNIFTNTYENIAYWTYNYYTWAELAYLWH
104,KLQGEVEKY,9,HLA-A*02:01,1,YFAMYGEKVAHTHVDTLYVRYHYYTWAVLAYTWY
105,VLIALAVYFLG,11,HLA-B*40:02,0,YHTKYREISTNTYESNLYLSYNYYTWAVLAYEWY
106,DAGTIAGLNVMR,12,HLA-B*57:01,1,YYAMYGENMASTYENIAYIVYDSYTWAVLAYLWY
107,NRFSTPEQA,9,HLA-B*39:01,1,YYSEYRNICTNTDESNLYLRYNFYTWAVLTYTWY
108,GEAQEEEEE,9,HLA-A*02:20,0,YFAMYGENVAHTHVDTLYVRYHYYTWAVLAYTWY
109,KRWNPLATKVK,11,HLA-B*27:05,1,YHTEYREICAKTDEDTLYLNYHDYTWAVLAYEWY
110,WAGSHSMRY,9,HLA-C*06:02,1,YDSGYREKYRQADVNKLYLWYDSYTWAEWAYTWY
111,EKFLESVEG,9,HLA-C*12:03,0,YYAGYREKYRQADVSNLYLWYDSYTWAEWAYTWY
112,TSFFDKGAV,9,HLA-A*68:01,0,YYAMYRNNVAQTDVDTLYIMYRDYTWAVWAYTWY
113,RKKDINNIVK,10,HLA-C*01:02,0,YFSGYREKYRQTDVSNLYLWCDYYTWAERAYTWY
114,QAADLAYQL,9,HLA-A*02:06,1,YYAMYGEKVAHTHVDTLYVRYHYYTWAVLAYTWY
115,QQQIEVADN,9,HLA-B*35:01,0,YYATYRNIFTNTYESNLYIRYDSYTWAVLAYLWY
116,KFMDASAL,8,HLA-C*14:02,1,YSAGYREKYRQTDVSNLYLWFDSYTWAERAYTWY
117,EAAAKAAAK,9,HLA-A*30:02,0,YSAMYQENVAHTDENTLYIIYEHYTWARLAYTWY
118,GRGFTDKVD,9,HLA-B*39:01,0,YYSEYRNICTNTDESNLYLRYNFYTWAVLTYTWY
119,WFSPRPLTQQNT,12,HLA-B*35:01,0,YYATYRNIFTNTYESNLYIRYDSYTWAVLAYLWY
120,TLDTSKLYV,9,HLA-C*04:01,1,YSAGYREKYRQADVNKLYLRFNFYTWAERAYTWY
121,RQFDLAWQY,9,HLA-B*44:02,1,YYTKYREISTNTYENTAYIRYDDYTWAVDAYLSY
122,LTMGQLYEKE,10,HLA-A*24:02,0,YSAMYEEKVAHTDENIAYLMFHYYTWAVQAYTGY
123,YLDQQLQKL,9,HLA-A*02:01,1,YFAMYGEKVAHTHVDTLYVRYHYYTWAVLAYTWY
124,LLDLSGRAP,9,HLA-B*18:01,0,YHSTYRNISTNTYESNLYLRYDSYTWAVLAYTWH
125,AEKKPTTEE,9,HLA-A*30:02,0,YSAMYQENVAHTDENTLYIIYEHYTWARLAYTWY
126,ICSTPNTVL,9,HLA-B*44:02,0,YYTKYREISTNTYENTAYIRYDDYTWAVDAYLSY
127,IIDLDEEDRQQEF,13,HLA-C*05:01,1,YYAGYREKYRQTDVNKLYLRYNFYTWAERAYTWY
128,HKLLREEKD,9,HLA-B*15:01,0,YYAMYREISTNTYESNLYLRYDSYTWAEWAYLWY
129,IVADKDYSVTANSK,14,HLA-B*35:01,1,YYATYRNIFTNTYESNLYIRYDSYTWAVLAYLWY
130,YLQDKIYEV,9,HLA-C*08:02,1,YYAGYREKYRQTDVSNLYLRYNFYTWAERAYTWY
131,MRIFVDIEKL,10,HLA-B*27:05,1,YHTEYREICAKTDEDTLYLNYHDYTWAVLAYEWY
132,HRWSIGKAIDF,11,HLA-B*27:03,1,YHTEHREICAKTDEDTLYLNYHDYTWAVLAYEWY
133,ILLFESNGS,9,HLA-A*68:02,0,YYAMYRNNVAQTDVDTLYIRYHYYTWAVWAYTWY
134,RSQRPLPNK,9,HLA-C*04:01,0,YSAGYREKYRQADVNKLYLRFNFYTWAERAYTWY
135,VVLASLIYR,9,HLA-A*11:01,1,YYAMYQENVAQTDVDTLYIIYRDYTWAAQAYRWY
136,FKESMLTLGK,10,HLA-B*27:05,0,YHTEYREICAKTDEDTLYLNYHDYTWAVLAYEWY
137,AIGRKAEALH,10,HLA-B*27:09,0,YHTEYREICAKTDEDTLYLNYHHYTWAVLAYEWY
138,QSMNHTSATRRK,12,HLA-B*27:05,0,YHTEYREICAKTDEDTLYLNYHDYTWAVLAYEWY
139,KENGNIATA,9,HLA-B*45:01,1,YHTKYREISTNTYESNLYWRYNLYTWAVDAYLSY
140,EKEKLKQER,9,HLA-B*35:01,0,YYATYRNIFTNTYESNLYIRYDSYTWAVLAYLWY
141,NRFVKLAVMGL,11,HLA-A*02:01,0,YFAMYGEKVAHTHVDTLYVRYHYYTWAVLAYTWY
142,EIDQMVIDG,9,HLA-B*54:01,0,YYAGYRNIYAQTDESNLYWTYNLYTWAVLAYTWY
143,APSPPRLRL,9,HLA-B*07:02,1,YYSEYRNIYAQTDESNLYLSYDYYTWAERAYEWY
144,FLTSELPQW,9,HLA-A*24:02,1,YSAMYEEKVAHTDENIAYLMFHYYTWAVQAYTGY
145,LDRRGAVIQS,10,HLA-B*57:03,0,YYAMYGENMASTYENIAYIVYNYYTWAVLAYLWY
146,HPVQALMESF,10,HLA-B*15:01,1,YYAMYREISTNTYESNLYLRYDSYTWAEWAYLWY
147,VSFQDKEKEH,10,HLA-B*27:01,0,YHTEYREICAKTYENTAYLNYHDYTWAVLAYEWY
148,HPFENMVAF,9,HLA-B*35:01,1,YYATYRNIFTNTYESNLYIRYDSYTWAVLAYLWY
149,YRECITKKEE,10,HLA-C*04:01,0,YSAGYREKYRQADVNKLYLRFNFYTWAERAYTWY
150,ASFKFSGVC,9,HLA-C*05:01,0,YYAGYREKYRQTDVNKLYLRYNFYTWAERAYTWY
151,IALGLMALK,9,HLA-A*11:01,1,YYAMYQENVAQTDVDTLYIIYRDYTWAAQAYRWY
152,AEFPLDPQL,9,HLA-B*44:03,1,YYTKYREISTNTYENTAYIRYDDYTWAVLAYLSY
153,KTNFNSIAK,9,HLA-A*03:01,1,YFAMYQENVAQTDVDTLYIIYRDYTWAELAYTWY
154,PVYHCLHYF,9,HLA-B*35:01,0,YYATYRNIFTNTYESNLYIRYDSYTWAVLAYLWY
155,QLKDEDLETVQ,11,HLA-A*02:01,0,YFAMYGEKVAHTHVDTLYVRYHYYTWAVLAYTWY
156,VEYTKEDGS,9,HLA-C*05:01,0,YYAGYREKYRQTDVNKLYLRYNFYTWAERAYTWY
157,LTVVDMLLSF,10,HLA-B*27:05,1,YHTEYREICAKTDEDTLYLNYHDYTWAVLAYEWY
158,KSAAGRKIR,9,HLA-B*18:01,0,YHSTYRNISTNTYESNLYLRYDSYTWAVLAYTWH
159,CHCEGDDESP,10,HLA-A*11:01,0,YYAMYQENVAQTDVDTLYIIYRDYTWAAQAYRWY
160,RRLLLEDLVK,10,HLA-B*27:01,1,YHTEYREICAKTYENTAYLNYHDYTWAVLAYEWY
161,IMGPDDFIV,9,HLA-B*40:01,0,YHTKYREISTNTYESNLYLRYNYYSLAVLAYEWY
162,VTLAQLYHHW,10,HLA-B*57:01,1,YYAMYGENMASTYENIAYIVYDSYTWAVLAYLWY
163,KTIEDTLMTV,10,HLA-A*02:01,1,YFAMYGEKVAHTHVDTLYVRYHYYTWAVLAYTWY
164,EVPSFQPRL,9,HLA-A*26:01,0,YYAMYRNNVAHTDANTLYIRYQDYTWAEWAYRWY
165,GNQGGGYGG,9,HLA-A*29:02,0,YTAMYLQNVAQTDANTLYIMYRDYTWAVLAYTWY
166,LFNLLWLAL,9,HLA-B*07:02,0,YYSEYRNIYAQTDESNLYLSYDYYTWAERAYEWY
167,QDRISKDSQ,9,HLA-A*11:01,0,YYAMYQENVAQTDVDTLYIIYRDYTWAAQAYRWY
168,DQVPFSVSV,9,HLA-A*68:02,1,YYAMYRNNVAQTDVDTLYIRYHYYTWAVWAYTWY
169,KHHSENKGL,9,HLA-A*02:04,0,YFAMYGEKVAHTHVDTLYVMYHYYTWAVLAYTWY
170,KLVEVIEEV,9,HLA-C*02:02,1,YYAGYREKYRQTDVNKLYLRYDSYTWAEWAYEWY
171,FPQHVITKDV,10,HLA-B*54:01,1,YYAGYRNIYAQTDESNLYWTYNLYTWAVLAYTWY
172,LRIPLKVLR,9,HLA-B*27:05,1,YHTEYREICAKTDEDTLYLNYHDYTWAVLAYEWY
173,CPGCRAGIQT,10,HLA-A*02:01,0,YFAMYGEKVAHTHVDTLYVRYHYYTWAVLAYTWY
174,HLTDAYFKK,9,HLA-A*03:01,1,YFAMYQENVAQTDVDTLYIIYRDYTWAELAYTWY
175,KYVVDTGMV,9,HLA-B*57:01,0,YYAMYGENMASTYENIAYIVYDSYTWAVLAYLWY
176,TVKVASSPV,9,HLA-B*15:01,1,YYAMYREISTNTYESNLYLRYDSYTWAEWAYLWY
177,LNIYLTLIV,9,HLA-A*02:01,0,YFAMYGEKVAHTHVDTLYVRYHYYTWAVLAYTWY
178,GKQTIETAT,9,HLA-B*07:02,0,YYSEYRNIYAQTDESNLYLSYDYYTWAERAYEWY
179,EKSEQPTLV,9,HLA-B*13:02,0,YYTMYREISTNTYENTAYWTYNLYTWAVLAYEWY
180,ERRNKVLNH,9,HLA-A*68:02,0,YYAMYRNNVAQTDVDTLYIRYHYYTWAVWAYTWY
181,EEAPSRPAL,9,HLA-B*44:03,1,YYTKYREISTNTYENTAYIRYDDYTWAVLAYLSY
182,AEDHINFTI,9,HLA-B*49:01,1,YHTKYREISTNTYENIAYWRYNLYTWAELAYLWY
183,IVKIGDFGL,9,HLA-A*03:01,0,YFAMYQENVAQTDVDTLYIIYRDYTWAELAYTWY
184,WEVEVGDKAKW,11,HLA-B*44:03,1,YYTKYREISTNTYENTAYIRYDDYTWAVLAYLSY
185,VVVPPLPGK,9,HLA-A*11:01,1,YYAMYQENVAQTDVDTLYIIYRDYTWAAQAYRWY
186,TTQKLVLEY,9,HLA-B*35:01,1,YYATYRNIFTNTYESNLYIRYDSYTWAVLAYLWY
187,AALLKASPK,9,HLA-B*35:08,1,YYATYRNIFTNTYESNLYIRYDSYTWAVRAYLWY
188,ENPPAGIAH,9,HLA-A*02:01,0,YFAMYGEKVAHTHVDTLYVRYHYYTWAVLAYTWY
189,TSLPDFCHKF,10,HLA-B*57:01,1,YYAMYGENMASTYENIAYIVYDSYTWAVLAYLWY
190,HSIVQKTAMNW,11,HLA-B*57:03,1,YYAMYGENMASTYENIAYIVYNYYTWAVLAYLWY
191,KLRDQMKTK,9,HLA-A*03:01,1,YFAMYQENVAQTDVDTLYIIYRDYTWAELAYTWY
192,REPGNPGKG,9,HLA-C*04:01,0,YSAGYREKYRQADVNKLYLRFNFYTWAERAYTWY
193,RVAEIKVNW,9,HLA-A*32:01,1,YFAMYQENVAHTDESIAYIMYQDYTWAVLAYTWY
194,LVRELEKKF,9,HLA-B*15:01,1,YYAMYREISTNTYESNLYLRYDSYTWAEWAYLWY
195,EEWEAEFQRY,10,HLA-B*44:03,1,YYTKYREISTNTYENTAYIRYDDYTWAVLAYLSY
196,REGAGLPRAE,10,HLA-B*49:01,0,YHTKYREISTNTYENIAYWRYNLYTWAELAYLWY
197,EQDRLLALQ,9,HLA-C*03:03,0,YYAGYREKYRQTDVSNLYIRYDYYTWAELAYLWY
198,SNVTNKND,8,HLA-B*14:02,0,YYSEYRNICTNTDESNLYLWYNFYTWAELAYTWH
199,NVEEAFFTL,9,HLA-C*08:02,1,YYAGYREKYRQTDVSNLYLRYNFYTWAERAYTWY
200,TTHSWIPKR,9,HLA-A*03:01,1,YFAMYQENVAQTDVDTLYIIYRDYTWAELAYTWY
201,MFSWMGRQAGGRER,14,HLA-B*27:05,1,YHTEYREICAKTDEDTLYLNYHDYTWAVLAYEWY
202,INNKRRYSFRV,11,HLA-B*57:01,0,YYAMYGENMASTYENIAYIVYDSYTWAVLAYLWY
203,SALTKHQRTH,10,HLA-C*08:02,0,YYAGYREKYRQTDVSNLYLRYNFYTWAERAYTWY
204,LPWTSGATT,9,HLA-B*35:01,1,YYATYRNIFTNTYESNLYIRYDSYTWAVLAYLWY
205,VHNMLPGHQ,9,HLA-C*16:01,0,YYAGYREKYRQTDVSNLYLWYDSYTWAAQAYTWY
206,AVAAASSTHRKV,12,HLA-B*27:05,0,YHTEYREICAKTDEDTLYLNYHDYTWAVLAYEWY
207,FAVDTGLYF,9,HLA-C*04:01,1,YSAGYREKYRQADVNKLYLRFNFYTWAERAYTWY
208,TDLAEVSIL,9,HLA-B*15:01,0,YYAMYREISTNTYESNLYLRYDSYTWAEWAYLWY
209,KSLFNTVAVL,10,HLA-A*02:01,1,YFAMYGEKVAHTHVDTLYVRYHYYTWAVLAYTWY
210,DEYNFVRSY,9,HLA-B*18:01,1,YHSTYRNISTNTYESNLYLRYDSYTWAVLAYTWH
211,QESAQNTKF,9,HLA-B*44:03,1,YYTKYREISTNTYENTAYIRYDDYTWAVLAYLSY
212,VMTEGRHAV,9,HLA-A*31:01,1,YTAMYQENVAHIDVDTLYIMYQDYTWAVLAYTWY
213,YAMAIRQAI,9,HLA-B*15:42,1,YYAMYREISTNTYESNLYWTYNLYTWAELAYTWY
214,GRAFSQGGH,9,HLA-B*15:01,0,YYAMYREISTNTYESNLYLRYDSYTWAEWAYLWY
215,WDDKLHARG,9,HLA-A*02:01,0,YFAMYGEKVAHTHVDTLYVRYHYYTWAVLAYTWY
216,FLSWFLNAL,9,HLA-C*03:03,0,YYAGYREKYRQTDVSNLYIRYDYYTWAELAYLWY
217,RQIEVLTTV,9,HLA-C*07:01,1,YDSGYRENYRQADVSNLYLRYDSYTLAALAYTWY
218,EAIEGTYIDK,10,HLA-A*68:01,1,YYAMYRNNVAQTDVDTLYIMYRDYTWAVWAYTWY
219,QTILTEIYRI,10,HLA-B*27:05,0,YHTEYREICAKTDEDTLYLNYHDYTWAVLAYEWY
220,TQTNKTSSF,9,HLA-B*15:01,1,YYAMYREISTNTYESNLYLRYDSYTWAEWAYLWY
221,QRLIAPQTL,9,HLA-B*27:08,1,YHTEYREICAKTDESNLYLNYHDYTWAVLAYEWY
222,TFVPKQDFP,9,HLA-C*08:02,0,YYAGYREKYRQTDVSNLYLRYNFYTWAERAYTWY
223,IAEKLRQAL,9,HLA-B*27:05,1,YHTEYREICAKTDEDTLYLNYHDYTWAVLAYEWY
224,RHHGYKRKF,9,HLA-C*03:03,0,YYAGYREKYRQTDVSNLYIRYDYYTWAELAYLWY
225,DTSSFTHFN,9,HLA-A*29:02,0,YTAMYLQNVAQTDANTLYIMYRDYTWAVLAYTWY
226,LVPGPWGRLCR,11,HLA-B*27:05,0,YHTEYREICAKTDEDTLYLNYHDYTWAVLAYEWY
227,LPHFDESTF,9,HLA-B*15:11,1,YYAMYRNIYTNTYESNLYLRYDSYTWAEWAYLWY
228,SAQLGLNL,8,HLA-B*49:01,0,YHTKYREISTNTYENIAYWRYNLYTWAELAYLWY
229,LAQPHRLQR,9,HLA-B*37:01,0,YHSTYREISTNTYEDTLYIRSNFYTWAVDAYTWY
230,DTGSRYYKEIP,11,HLA-B*27:05,0,YHTEYREICAKTDEDTLYLNYHDYTWAVLAYEWY
231,GPRLPWTRL,9,HLA-B*07:02,1,YYSEYRNIYAQTDESNLYLSYDYYTWAERAYEWY
232,QVLALSGAG,9,HLA-B*45:01,0,YHTKYREISTNTYESNLYWRYNLYTWAVDAYLSY
233,RTFPASGGGY,10,HLA-A*01:01,1,YFAMYQENMAHTDANTLYIIYRDYTWVARVYRGY
234,FASSFKIVL,9,HLA-C*07:01,1,YDSGYRENYRQADVSNLYLRYDSYTLAALAYTWY
235,VLFETSVGY,9,HLA-A*11:01,1,YYAMYQENVAQTDVDTLYIIYRDYTWAAQAYRWY
236,KTLDSALFY,9,HLA-C*07:01,1,YDSGYRENYRQADVSNLYLRYDSYTLAALAYTWY
237,KRFEKRLMF,9,HLA-B*27:05,1,YHTEYREICAKTDEDTLYLNYHDYTWAVLAYEWY
238,FQQQQQQQ,8,HLA-C*12:03,0,YYAGYREKYRQADVSNLYLWYDSYTWAEWAYTWY
239,LAAPGAMHG,9,HLA-B*14:02,0,YYSEYRNICTNTDESNLYLWYNFYTWAELAYTWH
240,GPYLIWKL,8,HLA-A*02:01,0,YFAMYGEKVAHTHVDTLYVRYHYYTWAVLAYTWY
241,IQVVENGES,9,HLA-B*07:02,0,YYSEYRNIYAQTDESNLYLSYDYYTWAERAYEWY
242,QRNRQVTFTK,10,HLA-B*07:02,0,YYSEYRNIYAQTDESNLYLSYDYYTWAERAYEWY
243,LLNPAYDVY,9,HLA-B*15:01,1,YYAMYREISTNTYESNLYLRYDSYTWAEWAYLWY
244,NQQVTNSKY,9,HLA-B*15:02,1,YYAMYRNISTNTYESNLYIRYDSYTWAELAYLWY
245,WEALDTMYV,9,HLA-B*40:01,1,YHTKYREISTNTYESNLYLRYNYYSLAVLAYEWY
246,IETIIKEQF,9,HLA-B*18:01,1,YHSTYRNISTNTYESNLYLRYDSYTWAVLAYTWH
247,KSFEIDKGIY,10,HLA-A*29:02,1,YTAMYLQNVAQTDANTLYIMYRDYTWAVLAYTWY
248,ITIFSAPNY,9,HLA-A*11:01,1,YYAMYQENVAQTDVDTLYIIYRDYTWAAQAYRWY
249,TPTGNAPSS,9,HLA-B*40:02,0,YHTKYREISTNTYESNLYLSYNYYTWAVLAYEWY
250,AAGLGPGPGLRGQ,13,HLA-A*29:02,0,YTAMYLQNVAQTDANTLYIMYRDYTWAVLAYTWY
251,SPILSITISE,10,HLA-B*35:01,1,YYATYRNIFTNTYESNLYIRYDSYTWAVLAYLWY
252,GKNHKEVER,9,HLA-C*07:02,0,YDSGYREKYRQADVSNLYLRSDSYTLAALAYTWY
253,VLWDNGAKNL,10,HLA-A*02:01,1,YFAMYGEKVAHTHVDTLYVRYHYYTWAVLAYTWY
254,RDDPSQPVH,9,HLA-B*13:02,0,YYTMYREISTNTYENTAYWTYNLYTWAVLAYEWY
255,SPQLGRSTY,9,HLA-B*15:01,0,YYAMYREISTNTYESNLYLRYDSYTWAEWAYLWY
256,ADRGGKFHM,9,HLA-B*07:02,0,YYSEYRNIYAQTDESNLYLSYDYYTWAERAYEWY
257,VDPSGSRDFTSSS,13,HLA-B*51:01,0,YYATYRNIFTNTYENIAYWTYNYYTWAELAYLWH
258,AEQTLKQAA,9,HLA-B*45:01,1,YHTKYREISTNTYESNLYWRYNLYTWAVDAYLSY
259,MQLPTRQEI,9,HLA-C*07:04,1,YDSGYREKYRQADVSNLYFRYDFYTLAADAYTWY
260,KLVSIVHGC,9,HLA-A*02:01,1,YFAMYGEKVAHTHVDTLYVRYHYYTWAVLAYTWY
261,LFEGRITPEL,10,HLA-B*40:02,1,YHTKYREISTNTYESNLYLSYNYYTWAVLAYEWY
262,HMTVGGFLPF,10,HLA-B*15:01,0,YYAMYREISTNTYESNLYLRYDSYTWAEWAYLWY
263,IRHPNITQL,9,HLA-B*27:09,1,YHTEYREICAKTDEDTLYLNYHHYTWAVLAYEWY
264,TAIGNDTANRVW,12,HLA-B*57:01,1,YYAMYGENMASTYENIAYIVYDSYTWAVLAYLWY
265,VLVAPSCAY,9,HLA-B*46:01,1,YYAMYREKYRQTDVSNLYLRYDSYTWAEWAYLWY
266,YFDDVTAFL,9,HLA-A*02:03,1,YFAMYGEKVAHTHVDTLYVRYHYYTWAEWAYTWY
267,SIWAFGPDA,9,HLA-A*31:01,0,YTAMYQENVAHIDVDTLYIMYQDYTWAVLAYTWY
268,ILVLTELLERK,11,HLA-B*15:01,0,YYAMYREISTNTYESNLYLRYDSYTWAEWAYLWY
269,TSKITSTAW,9,HLA-B*57:01,1,YYAMYGENMASTYENIAYIVYDSYTWAVLAYLWY
270,KVSCNLEPH,9,HLA-B*40:01,0,YHTKYREISTNTYESNLYLRYNYYSLAVLAYEWY
271,EPGNKVNLA,9,HLA-A*29:02,0,YTAMYLQNVAQTDANTLYIMYRDYTWAVLAYTWY
272,QTYIMGEGK,9,HLA-B*40:01,0,YHTKYREISTNTYESNLYLRYNYYSLAVLAYEWY
273,AGTGAPDGRT,10,HLA-C*14:02,0,YSAGYREKYRQTDVSNLYLWFDSYTWAERAYTWY
274,NQLIYVILTI,10,HLA-A*02:06,1,YYAMYGEKVAHTHVDTLYVRYHYYTWAVLAYTWY
275,EESEPLEKK,9,HLA-A*02:01,0,YFAMYGEKVAHTHVDTLYVRYHYYTWAVLAYTWY
276,LSMGLIAIAV,10,HLA-A*68:02,1,YYAMYRNNVAQTDVDTLYIRYHYYTWAVWAYTWY
277,KILEDVVGV,9,HLA-A*02:04,1,YFAMYGEKVAHTHVDTLYVMYHYYTWAVLAYTWY
278,QFGGIDQRKIFTF,13,HLA-A*24:02,1,YSAMYEEKVAHTDENIAYLMFHYYTWAVQAYTGY
279,DGSPHHRNVY,10,HLA-A*31:01,0,YTAMYQENVAHIDVDTLYIMYQDYTWAVLAYTWY
280,HSCHAMLYAA,10,HLA-A*24:02,0,YSAMYEEKVAHTDENIAYLMFHYYTWAVQAYTGY
281,RSIPYDQSPGPK,12,HLA-A*11:01,1,YYAMYQENVAQTDVDTLYIIYRDYTWAAQAYRWY
282,FIQSANQPS,9,HLA-C*03:03,0,YYAGYREKYRQTDVSNLYIRYDYYTWAELAYLWY
283,PLPPRPGPGPQ,11,HLA-A*02:01,0,YFAMYGEKVAHTHVDTLYVRYHYYTWAVLAYTWY
284,RRRRRRAAL,9,HLA-C*04:01,1,YSAGYREKYRQADVNKLYLRFNFYTWAERAYTWY
285,LYLTLGVLT,9,HLA-B*73:01,0,YHTEYRNICAKTDVGNLYWTYNFYTWAVLAYEWH
286,SLNKQIETV,9,HLA-A*02:03,1,YFAMYGEKVAHTHVDTLYVRYHYYTWAEWAYTWY
287,YAIKNIHGV,9,HLA-A*02:01,1,YFAMYGEKVAHTHVDTLYVRYHYYTWAVLAYTWY
288,SRFRQQRPLEF,11,HLA-B*27:02,1,YHTEYREICAKTDENIAYLNYHDYTWAVLAYEWY
289,QVIDINNHSPV,11,HLA-A*02:01,1,YFAMYGEKVAHTHVDTLYVRYHYYTWAVLAYTWY
290,GKWNPVLP,8,HLA-A*02:01,0,YFAMYGEKVAHTHVDTLYVRYHYYTWAVLAYTWY
291,RVMVMVGATM,10,HLA-B*15:01,1,YYAMYREISTNTYESNLYLRYDSYTWAEWAYLWY
292,FLLGKEVSL,9,HLA-B*08:01,1,YDSEYRNIFTNTDESNLYLSYNYYTWAVDAYTWY
293,ENLFPSPNKKH,11,HLA-A*11:01,0,YYAMYQENVAQTDVDTLYIIYRDYTWAAQAYRWY
294,TVTGCFVRI,9,HLA-C*07:01,0,YDSGYRENYRQADVSNLYLRYDSYTLAALAYTWY
295,SRVFVAVTL,9,HLA-B*27:02,1,YHTEYREICAKTDENIAYLNYHDYTWAVLAYEWY
296,FKPDATYHT,9,HLA-B*35:01,0,YYATYRNIFTNTYESNLYIRYDSYTWAVLAYLWY
297,ADSACSSPA,9,HLA-B*49:01,0,YHTKYREISTNTYENIAYWRYNLYTWAELAYLWY
298,PGEGTPDGS,9,HLA-A*68:01,0,YYAMYRNNVAQTDVDTLYIMYRDYTWAVWAYTWY
299,YLLAERDLYL,10,HLA-C*08:02,1,YYAGYREKYRQTDVSNLYLRYNFYTWAERAYTWY
300,TLLQQYCLYL,10,HLA-A*02:01,1,YFAMYGEKVAHTHVDTLYVRYHYYTWAVLAYTWY
301,FLRTREPAL,9,HLA-C*07:01,1,YDSGYRENYRQADVSNLYLRYDSYTLAALAYTWY
302,NSDGYGGNY,9,HLA-A*01:01,1,YFAMYQENMAHTDANTLYIIYRDYTWVARVYRGY
303,RLLRKGNYSER,11,HLA-A*02:04,0,YFAMYGEKVAHTHVDTLYVMYHYYTWAVLAYTWY
304,FRYNGTVGL,9,HLA-B*27:05,1,YHTEYREICAKTDEDTLYLNYHDYTWAVLAYEWY
305,MWSFNPETNI,10,HLA-A*24:02,1,YSAMYEEKVAHTDENIAYLMFHYYTWAVQAYTGY
306,RESETEQGF,9,HLA-B*44:02,1,YYTKYREISTNTYENTAYIRYDDYTWAVDAYLSY
307,ATVIIIGDNF,10,HLA-B*57:01,1,YYAMYGENMASTYENIAYIVYDSYTWAVLAYLWY
308,ASVSNIHRY,9,HLA-A*23:01,0,YSAMYEEKVAHTDENIAYLMFHYYTWAVLAYTGY
309,SCLVRLDAM,9,HLA-A*02:02,0,YFAMYGEKVAHTHVDTLYLRYHYYTWAVWAYTWY
310,MGDDLILMH,9,HLA-C*07:04,0,YDSGYREKYRQADVSNLYFRYDFYTLAADAYTWY
311,ELSYHNLEL,9,HLA-A*02:01,1,YFAMYGEKVAHTHVDTLYVRYHYYTWAVLAYTWY
312,SQIKLYNI,8,HLA-B*13:02,1,YYTMYREISTNTYENTAYWTYNLYTWAVLAYEWY
313,VYVDDDSEA,9,HLA-C*01:02,0,YFSGYREKYRQTDVSNLYLWCDYYTWAERAYTWY
314,PLIPFLGFG,9,HLA-A*02:06,0,YYAMYGEKVAHTHVDTLYVRYHYYTWAVLAYTWY
315,RVMGSGSAL,9,HLA-B*14:02,1,YYSEYRNICTNTDESNLYLWYNFYTWAELAYTWH
316,IVTCPGCQN,9,HLA-B*44:03,0,YYTKYREISTNTYENTAYIRYDDYTWAVLAYLSY
317,ILRVKEDEN,9,HLA-B*46:01,0,YYAMYREKYRQTDVSNLYLRYDSYTWAEWAYLWY
318,RRCIFALAVRKGGA,14,HLA-B*15:01,0,YYAMYREISTNTYESNLYLRYDSYTWAEWAYLWY
319,TYLPAPEGLKF,11,HLA-B*35:08,1,YYATYRNIFTNTYESNLYIRYDSYTWAVRAYLWY
320,NRKQWLLYI,9,HLA-B*27:05,1,YHTEYREICAKTDEDTLYLNYHDYTWAVLAYEWY
321,VKKKKEEGV,9,HLA-B*27:02,0,YHTEYREICAKTDENIAYLNYHDYTWAVLAYEWY
322,LVLKRCLLHL,10,HLA-B*27:05,0,YHTEYREICAKTDEDTLYLNYHDYTWAVLAYEWY
323,PVDYEEFVR,9,HLA-B*35:01,0,YYATYRNIFTNTYESNLYIRYDSYTWAVLAYLWY
324,RVYAELAAL,9,HLA-A*02:01,1,YFAMYGEKVAHTHVDTLYVRYHYYTWAVLAYTWY
325,LLSPQPLYSTI,11,HLA-B*27:05,1,YHTEYREICAKTDEDTLYLNYHDYTWAVLAYEWY
326,GRVIPRMLY,9,HLA-B*15:17,1,YYAMYRENMASTYENIAYLRYHDYTWAELAYLWY
327,AEQRGELAI,9,HLA-B*49:01,1,YHTKYREISTNTYENIAYWRYNLYTWAELAYLWY
328,FMTWLRSYIK,10,HLA-B*40:02,0,YHTKYREISTNTYESNLYLSYNYYTWAVLAYEWY
329,KLKKERPDF,9,HLA-A*32:01,1,YFAMYQENVAHTDESIAYIMYQDYTWAVLAYTWY
330,PESSHPGYE,9,HLA-B*38:01,0,YYSEYRNICTNTYENIAYLRYNFYTWAVLTYTWY
331,SPAVHLRCTMD,11,HLA-C*16:01,0,YYAGYREKYRQTDVSNLYLWYDSYTWAAQAYTWY
332,LEEVDQDAG,9,HLA-A*68:02,0,YYAMYRNNVAQTDVDTLYIRYHYYTWAVWAYTWY
333,LSMGMVVLL,9,HLA-A*03:01,0,YFAMYQENVAQTDVDTLYIIYRDYTWAELAYTWY
334,SLFLTDLY,8,HLA-C*04:01,0,YSAGYREKYRQADVNKLYLRFNFYTWAERAYTWY
335,AYSLTLQGL,9,HLA-B*35:01,0,YYATYRNIFTNTYESNLYIRYDSYTWAVLAYLWY
336,IVKTSQHLG,9,HLA-C*07:04,0,YDSGYREKYRQADVSNLYFRYDFYTLAADAYTWY
337,LRQALSRFP,9,HLA-B*08:01,0,YDSEYRNIFTNTDESNLYLSYNYYTWAVDAYTWY
338,AIYESNIGY,9,HLA-A*11:01,1,YYAMYQENVAQTDVDTLYIIYRDYTWAAQAYRWY
339,LGLTFAMTM,9,HLA-A*24:02,0,YSAMYEEKVAHTDENIAYLMFHYYTWAVQAYTGY
340,VPDEIEEIK,9,HLA-B*27:09,0,YHTEYREICAKTDEDTLYLNYHHYTWAVLAYEWY
341,SRKKYDVRRV,10,HLA-A*03:01,0,YFAMYQENVAQTDVDTLYIIYRDYTWAELAYTWY
342,AAIPAAPSL,9,HLA-B*07:02,1,YYSEYRNIYAQTDESNLYLSYDYYTWAERAYEWY
343,YLVTVLGSL,9,HLA-A*02:01,1,YFAMYGEKVAHTHVDTLYVRYHYYTWAVLAYTWY
344,CLGGLLTMV,9,HLA-A*02:12,1,YFAMYGEKVAHTHVDTLYVRYHYYTWAVQAYTWY
345,NLRNALQEL,9,HLA-A*32:01,0,YFAMYQENVAHTDESIAYIMYQDYTWAVLAYTWY
346,YSDSGLFGIY,10,HLA-B*15:01,1,YYAMYREISTNTYESNLYLRYDSYTWAEWAYLWY
347,TSQTPSTAA,9,HLA-B*27:05,0,YHTEYREICAKTDEDTLYLNYHDYTWAVLAYEWY
348,TGGKAPRKQLATKA,14,HLA-B*27:05,0,YHTEYREICAKTDEDTLYLNYHDYTWAVLAYEWY
349,LIMDVFKTG,9,HLA-A*30:01,0,YSAMYQENVAQTDVDTLYIIYEHYTWAWLAYTWY
350,NPLTYLLSTR,10,HLA-B*44:02,0,YYTKYREISTNTYENTAYIRYDDYTWAVDAYLSY
351,VTEEELSRA,9,HLA-B*57:03,0,YYAMYGENMASTYENIAYIVYNYYTWAVLAYLWY
352,APSMMKIRI,9,HLA-A*02:01,0,YFAMYGEKVAHTHVDTLYVRYHYYTWAVLAYTWY
353,PSPGEGTRPRESND,14,HLA-A*68:02,0,YYAMYRNNVAQTDVDTLYIRYHYYTWAVWAYTWY
354,EDASRHKQK,9,HLA-B*27:02,0,YHTEYREICAKTDENIAYLNYHDYTWAVLAYEWY
355,YRWHINFTT,9,HLA-C*07:02,1,YDSGYREKYRQADVSNLYLRSDSYTLAALAYTWY
356,KWSNWEIPV,9,HLA-A*24:02,0,YSAMYEEKVAHTDENIAYLMFHYYTWAVQAYTGY
357,DRNKDQEVNF,10,HLA-C*07:02,1,YDSGYREKYRQADVSNLYLRSDSYTLAALAYTWY
358,LHAAETPVP,9,HLA-A*68:02,0,YYAMYRNNVAQTDVDTLYIRYHYYTWAVWAYTWY
359,AMLEEVNYI,9,HLA-A*02:01,1,YFAMYGEKVAHTHVDTLYVRYHYYTWAVLAYTWY
360,WASSINDAPV,10,HLA-A*68:02,1,YYAMYRNNVAQTDVDTLYIRYHYYTWAVWAYTWY
361,LTTLEVAGR,9,HLA-B*27:04,0,YHTEYREICAKTDESTLYLNYHDYTWAELAYEWY
362,IHHKLVLP,8,HLA-C*08:02,0,YYAGYREKYRQTDVSNLYLRYNFYTWAERAYTWY
363,PGHGRRYART,10,HLA-B*27:05,0,YHTEYREICAKTDEDTLYLNYHDYTWAVLAYEWY
364,PVSTSVSHYGAE,12,HLA-A*03:01,0,YFAMYQENVAQTDVDTLYIIYRDYTWAELAYTWY
365,ITRTMRLLTF,10,HLA-B*27:05,1,YHTEYREICAKTDEDTLYLNYHDYTWAVLAYEWY
366,GGDRGRGGP,9,HLA-C*06:02,0,YDSGYREKYRQADVNKLYLWYDSYTWAEWAYTWY
367,ALRKSEIEY,9,HLA-B*27:05,0,YHTEYREICAKTDEDTLYLNYHDYTWAVLAYEWY
368,IEREIPERSW,10,HLA-B*44:02,1,YYTKYREISTNTYENTAYIRYDDYTWAVDAYLSY
369,SSGGKGGSY,9,HLA-B*44:03,0,YYTKYREISTNTYENTAYIRYDDYTWAVLAYLSY
370,KCEECGKAF,9,HLA-A*02:03,0,YFAMYGEKVAHTHVDTLYVRYHYYTWAEWAYTWY
371,KLHSQGVLK,9,HLA-A*03:01,1,YFAMYQENVAQTDVDTLYIIYRDYTWAELAYTWY
372,HEMEKAFAF,9,HLA-A*02:01,1,YFAMYGEKVAHTHVDTLYVRYHYYTWAVLAYTWY
373,SSMTIREFPR,10,HLA-A*68:01,1,YYAMYRNNVAQTDVDTLYIMYRDYTWAVWAYTWY
374,ASDDAYPEI,9,HLA-B*27:05,0,YHTEYREICAKTDEDTLYLNYHDYTWAVLAYEWY
375,TPPSTRPAA,9,HLA-B*27:05,1,YHTEYREICAKTDEDTLYLNYHDYTWAVLAYEWY
376,VIMKDVSSS,9,HLA-A*02:12,0,YFAMYGEKVAHTHVDTLYVRYHYYTWAVQAYTWY
377,QGDRDSCSVRE,11,HLA-B*27:09,0,YHTEYREICAKTDEDTLYLNYHHYTWAVLAYEWY
378,ELIIWDALD,9,HLA-B*27:05,0,YHTEYREICAKTDEDTLYLNYHDYTWAVLAYEWY
379,VQVAVKHLH,9,HLA-B*15:01,0,YYAMYREISTNTYESNLYLRYDSYTWAEWAYLWY
380,KKWEIAKPLK,10,HLA-B*27:01,0,YHTEYREICAKTYENTAYLNYHDYTWAVLAYEWY
381,GEPSAPPHTS,10,HLA-A*02:01,0,YFAMYGEKVAHTHVDTLYVRYHYYTWAVLAYTWY
382,RPAGALVAL,9,HLA-B*07:02,1,YYSEYRNIYAQTDESNLYLSYDYYTWAERAYEWY
383,QEPDTKLR,8,HLA-C*04:01,0,YSAGYREKYRQADVNKLYLRFNFYTWAERAYTWY
384,NGLYSLIQR,9,HLA-B*38:01,0,YYSEYRNICTNTYENIAYLRYNFYTWAVLTYTWY
385,EVKSRQTL,8,HLA-B*08:01,1,YDSEYRNIFTNTDESNLYLSYNYYTWAVDAYTWY
386,RDTYVSSF,8,HLA-B*37:01,1,YHSTYREISTNTYEDTLYIRSNFYTWAVDAYTWY
387,NFYLLYLLF,9,HLA-C*06:02,0,YDSGYREKYRQADVNKLYLWYDSYTWAEWAYTWY
388,SEYDYVIFT,9,HLA-B*44:02,1,YYTKYREISTNTYENTAYIRYDDYTWAVDAYLSY
389,LRDVWVRVR,9,HLA-B*44:03,0,YYTKYREISTNTYENTAYIRYDDYTWAVLAYLSY
390,KSVKTGSVFW,10,HLA-B*57:01,1,YYAMYGENMASTYENIAYIVYDSYTWAVLAYLWY
391,AYFDPLPPL,9,HLA-A*68:01,0,YYAMYRNNVAQTDVDTLYIMYRDYTWAVWAYTWY
392,GEIVIGGQNI,10,HLA-B*40:02,1,YHTKYREISTNTYESNLYLSYNYYTWAVLAYEWY
393,KYGIKVSTSD,10,HLA-B*13:02,0,YYTMYREISTNTYENTAYWTYNLYTWAVLAYEWY
394,FAYYRVGEY,9,HLA-C*12:03,1,YYAGYREKYRQADVSNLYLWYDSYTWAEWAYTWY
395,NRCVKGDSL,9,HLA-B*14:02,1,YYSEYRNICTNTDESNLYLWYNFYTWAELAYTWH
396,DNSSMDDLH,9,HLA-B*27:05,0,YHTEYREICAKTDEDTLYLNYHDYTWAVLAYEWY
397,VTMTTLGYG,9,HLA-C*06:02,0,YDSGYREKYRQADVNKLYLWYDSYTWAEWAYTWY
398,AANPHSFVF,9,HLA-A*29:02,1,YTAMYLQNVAQTDANTLYIMYRDYTWAVLAYTWY
399,AQKNHIPVF,9,HLA-A*32:01,1,YFAMYQENVAHTDESIAYIMYQDYTWAVLAYTWY
400,SALTTHKFI,9,HLA-B*39:01,0,YYSEYRNICTNTDESNLYLRYNFYTWAVLTYTWY
401,SEDVIARTY,9,HLA-B*44:03,1,YYTKYREISTNTYENTAYIRYDDYTWAVLAYLSY
402,KELGVGIAL,9,HLA-B*40:01,1,YHTKYREISTNTYESNLYLRYNYYSLAVLAYEWY
403,AVFTRFALK,9,HLA-A*03:01,1,YFAMYQENVAQTDVDTLYIIYRDYTWAELAYTWY
404,GTTKSAGYR,9,HLA-A*68:23,0,YYAMYRNNVAQTDVDTLYIRYRDYTWAVWAYTWY
405,SITDVSLHAL,10,HLA-B*27:05,0,YHTEYREICAKTDEDTLYLNYHDYTWAVLAYEWY
406,EPIPKGPVL,9,HLA-B*07:02,1,YYSEYRNIYAQTDESNLYLSYDYYTWAERAYEWY
407,NTFVNFNSV,9,HLA-A*02:03,1,YFAMYGEKVAHTHVDTLYVRYHYYTWAEWAYTWY
408,LLSSAAAKA,9,HLA-A*29:02,0,YTAMYLQNVAQTDANTLYIMYRDYTWAVLAYTWY
409,TAVEIDDVISA,11,HLA-C*03:03,1,YYAGYREKYRQTDVSNLYIRYDYYTWAELAYLWY
410,WDAWNSLGKM,10,HLA-A*01:01,0,YFAMYQENMAHTDANTLYIIYRDYTWVARVYRGY
411,ITNNERVVV,9,HLA-C*15:02,1,YYAGYRENYRQTDVNKLYIRYDLYTWAELAYTWY
412,AVTFSGIHLLR,11,HLA-B*07:02,0,YYSEYRNIYAQTDESNLYLSYDYYTWAERAYEWY
413,AEFLPDPSALQNL,13,HLA-B*51:01,1,YYATYRNIFTNTYENIAYWTYNYYTWAELAYLWH
414,NFHPFAELP,9,HLA-B*58:01,0,YYATYGENMASTYENIAYIRYDSYTWAVLAYLWY
415,GEDSTYKFF,9,HLA-B*44:03,1,YYTKYREISTNTYENTAYIRYDDYTWAVLAYLSY
416,QYKIPDWFL,9,HLA-B*45:01,0,YHTKYREISTNTYESNLYWRYNLYTWAVDAYLSY
417,ISIANGLINEI,11,HLA-B*57:03,1,YYAMYGENMASTYENIAYIVYNYYTWAVLAYLWY
418,TRFSDFPLSK,10,HLA-B*27:05,1,YHTEYREICAKTDEDTLYLNYHDYTWAVLAYEWY
419,QFLISAENE,9,HLA-A*01:01,0,YFAMYQENMAHTDANTLYIIYRDYTWVARVYRGY
420,TLLAGITGV,9,HLA-A*02:01,1,YFAMYGEKVAHTHVDTLYVRYHYYTWAVLAYTWY
421,QLAKKEEEL,9,HLA-A*02:02,1,YFAMYGEKVAHTHVDTLYLRYHYYTWAVWAYTWY
422,ALEMVEETT,9,HLA-B*27:01,0,YHTEYREICAKTYENTAYLNYHDYTWAVLAYEWY
423,NTEDSRMMY,9,HLA-A*01:01,1,YFAMYQENMAHTDANTLYIIYRDYTWVARVYRGY
424,FIYQNPHIF,9,HLA-C*02:02,1,YYAGYREKYRQTDVNKLYLRYDSYTWAEWAYEWY
425,AHIPKSDAL,9,HLA-B*39:01,1,YYSEYRNICTNTDESNLYLRYNFYTWAVLTYTWY
426,GEDLSKSRRS,10,HLA-C*03:03,0,YYAGYREKYRQTDVSNLYIRYDYYTWAELAYLWY
427,IEEDKWRVA,9,HLA-B*41:01,1,YHTKYREISTNTYESNLYWRYNYYTWAVDAYTWY
428,RRLAVLPYELRF,12,HLA-B*27:03,1,YHTEHREICAKTDEDTLYLNYHDYTWAVLAYEWY
429,YEERVKRLSV,10,HLA-B*40:02,0,YHTKYREISTNTYESNLYLSYNYYTWAVLAYEWY
430,KGKATQISS,9,HLA-C*16:01,0,YYAGYREKYRQTDVSNLYLWYDSYTWAAQAYTWY
431,KSSIAGSSTW,10,HLA-B*58:01,1,YYATYGENMASTYENIAYIRYDSYTWAVLAYLWY
432,NFHMEQLKY,9,HLA-A*29:02,1,YTAMYLQNVAQTDANTLYIMYRDYTWAVLAYTWY
433,AASAGGAGG,9,HLA-A*02:01,0,YFAMYGEKVAHTHVDTLYVRYHYYTWAVLAYTWY
434,RVLDSLYHG,9,HLA-C*07:02,0,YDSGYREKYRQADVSNLYLRSDSYTLAALAYTWY
435,QEADSGKGTVSY,12,HLA-B*44:02,1,YYTKYREISTNTYENTAYIRYDDYTWAVDAYLSY
436,LIRDSSDQRH,10,HLA-C*02:02,0,YYAGYREKYRQTDVNKLYLRYDSYTWAEWAYEWY
437,EPVESCPLM,9,HLA-B*35:01,1,YYATYRNIFTNTYESNLYIRYDSYTWAVLAYLWY
438,TQDVKNWMT,9,HLA-C*08:02,1,YYAGYREKYRQTDVSNLYLRYNFYTWAERAYTWY
439,QAASQHVFR,9,HLA-A*68:01,1,YYAMYRNNVAQTDVDTLYIMYRDYTWAVWAYTWY
440,SFDNTYQLFRRVA,13,HLA-B*27:09,0,YHTEYREICAKTDEDTLYLNYHHYTWAVLAYEWY
441,FTADFVRQL,9,HLA-C*06:02,1,YDSGYREKYRQADVNKLYLWYDSYTWAEWAYTWY
442,KTPEEIRKTF,10,HLA-A*32:01,1,YFAMYQENVAHTDESIAYIMYQDYTWAVLAYTWY
443,KAIHELIQV,9,HLA-A*03:01,0,YFAMYQENVAQTDVDTLYIIYRDYTWAELAYTWY
444,PTASVTEIQEK,11,HLA-B*58:01,1,YYATYGENMASTYENIAYIRYDSYTWAVLAYLWY
445,SGVQAQMAK,9,HLA-A*01:01,0,YFAMYQENMAHTDANTLYIIYRDYTWVARVYRGY
446,LLLTPCYTA,9,HLA-B*73:01,0,YHTEYRNICAKTDVGNLYWTYNFYTWAVLAYEWH
447,IENNSTLL,8,HLA-B*27:09,1,YHTEYREICAKTDEDTLYLNYHHYTWAVLAYEWY
448,VGIQGNLSG,9,HLA-A*02:05,0,YYAMYGEKVAHTHVDTLYLRYHYYTWAVWAYTWY
449,KTSSFLDQRFQDAD,14,HLA-C*06:02,1,YDSGYREKYRQADVNKLYLWYDSYTWAEWAYTWY
450,IQMCEGWRV,9,HLA-B*41:01,0,YHTKYREISTNTYESNLYWRYNYYTWAVDAYTWY
451,ARIINDLLQSL,11,HLA-B*27:09,1,YHTEYREICAKTDEDTLYLNYHHYTWAVLAYEWY
452,MHDRMEHLIE,10,HLA-A*24:02,0,YSAMYEEKVAHTDENIAYLMFHYYTWAVQAYTGY
453,FVVKFFPPD,9,HLA-B*44:02,0,YYTKYREISTNTYENTAYIRYDDYTWAVDAYLSY
454,GEIIGVKVL,9,HLA-B*40:02,1,YHTKYREISTNTYESNLYLSYNYYTWAVLAYEWY
455,LKGTNLFCYRQ,11,HLA-A*02:01,0,YFAMYGEKVAHTHVDTLYVRYHYYTWAVLAYTWY
456,RVLTSGIFETK,11,HLA-A*11:01,1,YYAMYQENVAQTDVDTLYIIYRDYTWAAQAYRWY
457,LRFAVRCVGK,10,HLA-A*68:01,0,YYAMYRNNVAQTDVDTLYIMYRDYTWAVWAYTWY
458,QGSVGHDWA,9,HLA-C*01:02,0,YFSGYREKYRQTDVSNLYLWCDYYTWAERAYTWY
459,TMIGEPMNFV,10,HLA-A*02:01,1,YFAMYGEKVAHTHVDTLYVRYHYYTWAVLAYTWY
460,VFLFACQWF,9,HLA-B*37:01,0,YHSTYREISTNTYEDTLYIRSNFYTWAVDAYTWY
461,FPSEITDTV,9,HLA-C*04:01,1,YSAGYREKYRQADVNKLYLRFNFYTWAERAYTWY
462,VRGHWRIAAG,10,HLA-B*15:01,0,YYAMYREISTNTYESNLYLRYDSYTWAEWAYLWY
463,YMNGHSDVVM,10,HLA-B*15:01,1,YYAMYREISTNTYESNLYLRYDSYTWAEWAYLWY
464,RLAAAAAQSVY,11,HLA-B*15:01,1,YYAMYREISTNTYESNLYLRYDSYTWAEWAYLWY
465,SVDGVIKEV,9,HLA-A*02:01,1,YFAMYGEKVAHTHVDTLYVRYHYYTWAVLAYTWY
466,AESLWTSKPPPL,12,HLA-C*04:01,0,YSAGYREKYRQADVNKLYLRFNFYTWAERAYTWY
467,KYVDKLEKI,9,HLA-A*24:02,1,YSAMYEEKVAHTDENIAYLMFHYYTWAVQAYTGY
468,PQLVFYTVN,9,HLA-B*27:05,0,YHTEYREICAKTDEDTLYLNYHDYTWAVLAYEWY
469,GQFEDADVDH,10,HLA-C*07:01,0,YDSGYRENYRQADVSNLYLRYDSYTLAALAYTWY
470,TVADKIHSV,9,HLA-C*08:02,1,YYAGYREKYRQTDVSNLYLRYNFYTWAERAYTWY
471,NIGYKLGHR,9,HLA-A*30:02,0,YSAMYQENVAHTDENTLYIIYEHYTWARLAYTWY
472,SHCVDVYIKQ,10,HLA-A*02:01,0,YFAMYGEKVAHTHVDTLYVRYHYYTWAVLAYTWY
473,PILENPFFSIF,11,HLA-A*24:02,1,YSAMYEEKVAHTDENIAYLMFHYYTWAVQAYTGY
474,RDRIFVRVY,9,HLA-B*40:02,0,YHTKYREISTNTYESNLYLSYNYYTWAVLAYEWY
475,NTATIFHEL,9,HLA-A*02:01,1,YFAMYGEKVAHTHVDTLYVRYHYYTWAVLAYTWY
476,TRKVSESTG,9,HLA-A*32:01,0,YFAMYQENVAHTDESIAYIMYQDYTWAVLAYTWY
477,LSHLRGIFN,9,HLA-C*07:02,0,YDSGYREKYRQADVSNLYLRSDSYTLAALAYTWY
478,HPRGTLLSDGSPAL,14,HLA-B*07:02,1,YYSEYRNIYAQTDESNLYLSYDYYTWAERAYEWY
479,LIFLPFFFGWGK,12,HLA-A*03:01,1,YFAMYQENVAQTDVDTLYIIYRDYTWAELAYTWY
480,DLTEGKFSF,9,HLA-A*11:01,0,YYAMYQENVAQTDVDTLYIIYRDYTWAAQAYRWY
481,RLDKVEAEV,9,HLA-A*02:03,1,YFAMYGEKVAHTHVDTLYVRYHYYTWAEWAYTWY
482,PHNQRREGK,9,HLA-C*05:01,0,YYAGYREKYRQTDVNKLYLRYNFYTWAERAYTWY
483,RNPVGIAAGF,10,HLA-A*31:01,0,YTAMYQENVAHIDVDTLYIMYQDYTWAVLAYTWY
484,AIFPSPMLY,9,HLA-B*15:01,1,YYAMYREISTNTYESNLYLRYDSYTWAEWAYLWY
485,PYDQYLHRF,9,HLA-A*24:02,1,YSAMYEEKVAHTDENIAYLMFHYYTWAVQAYTGY
486,VPFPLNSV,8,HLA-B*51:01,1,YYATYRNIFTNTYENIAYWTYNYYTWAELAYLWH
487,TTRTAYGPN,9,HLA-B*27:09,0,YHTEYREICAKTDEDTLYLNYHHYTWAVLAYEWY
488,AVIPFDDIVR,10,HLA-A*68:01,1,YYAMYRNNVAQTDVDTLYIMYRDYTWAVWAYTWY
489,SKLIKHQLI,9,HLA-B*40:02,0,YHTKYREISTNTYESNLYLSYNYYTWAVLAYEWY
490,YIISGLTGF,9,HLA-B*49:01,0,YHTKYREISTNTYENIAYWRYNLYTWAELAYLWY
491,NFAQNVIAF,9,HLA-C*14:02,1,YSAGYREKYRQTDVSNLYLWFDSYTWAERAYTWY
492,LMAHAMEEV,9,HLA-C*03:04,1,YYAGYREKYRQTDVSNLYIRYDYYTWAELAYLWY
493,SSVLVCLE,8,HLA-B*44:03,0,YYTKYREISTNTYENTAYIRYDDYTWAVLAYLSY
494,GRASVNNLL,9,HLA-B*27:05,1,YHTEYREICAKTDEDTLYLNYHDYTWAVLAYEWY
495,MISLANNHR,9,HLA-A*02:01,0,YFAMYGEKVAHTHVDTLYVRYHYYTWAVLAYTWY
496,AQHKAIPAV,9,HLA-B*13:02,1,YYTMYREISTNTYENTAYWTYNLYTWAVLAYEWY
497,PGPPTVLALHN,11,HLA-A*03:01,0,YFAMYQENVAQTDVDTLYIIYRDYTWAELAYTWY
498,STNFKLIYR,9,HLA-A*31:01,1,YTAMYQENVAHIDVDTLYIMYQDYTWAVLAYTWY
499,TREEGVLTLW,10,HLA-B*15:01,0,YYAMYREISTNTYESNLYLRYDSYTWAEWAYLWY